grant debug connect session,debug any procedure to jsd1302;
---增加历史表

----------------------- 表相关的所有语句DDL，DML，TCL
--资费信息表
DROP TABLE COST CASCADE CONSTRAINTS PURGE;
CREATE TABLE COST(
  ID 			NUMBER(4) CONSTRAINT COST_ID_PK PRIMARY KEY,
  NAME 			VARCHAR(50)  NOT NULL,
  BASE_DURATION 		NUMBER(11),
  BASE_COST 		NUMBER(7,2),
  UNIT_COST 		NUMBER(7,4),
  STATUS 		CHAR(1)  CONSTRAINT COST_STATUS_CK 
				CHECK (STATUS  IN  (0,1)),
  DESCR 			VARCHAR2(100),
  CREATIME 		DATE DEFAULT SYSDATE ,
  STARTIME 		DATE,
  COST_TYPE             CHAR(1)
  );

INSERT INTO COST VALUES (1,'5.9元套餐',20,5.9,0.4,0,'5.9元20小时/月,超出部分0.4元/时',DEFAULT,NULL,2);
INSERT INTO COST VALUES (2,'6.9元套餐',40,6.9,0.3,0,'6.9元40小时/月,超出部分0.3元/时',DEFAULT,NULL,2);
INSERT INTO COST VALUES (3,'8.5元套餐',100,8.5,0.2,0,'8.5元100小时/月,超出部分0.2元/时',DEFAULT,NULL,2);
INSERT INTO COST VALUES (4,'10.5元套餐',200,10.5,0.1,0,'10.5元200小时/月,超出部分0.1元/时',DEFAULT,NULL,2);
INSERT INTO COST VALUES (5,'计时收费',null,null,0.5,0,'0.5元/时,不使用不收费',DEFAULT,NULL,3);
INSERT INTO COST VALUES (6,'包月',null,20,null,0,'每月20元,不限制使用时间',DEFAULT,NULL,1);

COMMIT;

COLUMN NAME FORMAT a10
COLUMN BASE_COST FORMAT 99.99
COLUMN BASE_DURATION FORMAT 999
COLUMN UNIT_COST FORMAT 99.99
COLUMN ID FORMAT 9
select id,name,base_cost,base_duration,unit_cost from cost
--帐务信息表
DROP TABLE ACCOUNT CASCADE CONSTRAINTS  PURGE;
CREATE TABLE ACCOUNT(
 ID			NUMBER(9) CONSTRAINT ACCOUNT_ID_PK PRIMARY KEY,
 RECOMMENDER_ID	NUMBER(9) CONSTRAINT ACCOUNT_RECOMMENDER_ID_FK
			REFERENCES ACCOUNT(ID),
 LOGIN_NAME		VARCHAR2(30)  NOT NULL
			CONSTRAINT ACCOUNT_LOGIN_NAME_UK UNIQUE,
 LOGIN_PASSWD		VARCHAR2(30) NOT NULL,
 STATUS			CHAR(1)	CONSTRAINT ACCOUNT_STATUS_CK
 				CHECK (STATUS IN (0,1,2)),
 CREATE_DATE		DATE	 DEFAULT SYSDATE,
 PAUSE_DATE		DATE,
 CLOSE_DATE		DATE,
 REAL_NAME		VARCHAR2(20)	NOT NULL,
 IDCARD_NO		CHAR(18)		NOT NULL
			CONSTRAINT ACCOUNT_INCARD_NO UNIQUE,
 BIRTHDATE		DATE,
 GENDER	             		CHAR(1) CONSTRAINT ACCOUNT_GENDER_CK
				CHECK (GENDER IN (0,1)),
 OCCUPATION		VARCHAR2(50),
 TELEPHONE		VARCHAR2(15) NOT NULL,
 EMAIL			VARCHAR2(50),
 MAILADDRESS		VARCHAR2(50),
 ZIPCODE		CHAR(6),
 QQ			VARCHAR2(15),
 LAST_LOGIN_TIME	  	DATE,
 LAST_LOGIN_IP		VARCHAR2(15)
);

ALTER SESSION SET NLS_DATE_FORMAT = 'yyyy mm dd hh24:mi:ss';
INSERT INTO ACCOUNT(ID,RECOMMENDER_ID,LOGIN_NAME,LOGIN_PASSWD,STATUS,CREATE_DATE,
     REAL_NAME,BIRTHDATE,IDCARD_NO,TELEPHONE)
VALUES(1005,NULL,'taiji001','256528',1,'2008 03 15','zhangsanfeng','19430225','410381194302256528',13669351234);

INSERT INTO ACCOUNT(ID,RECOMMENDER_ID,LOGIN_NAME,LOGIN_PASSWD,STATUS,CREATE_DATE,
REAL_NAME,BIRTHDATE,IDCARD_NO,TELEPHONE)
VALUES(1010,NULL,'xl18z60','190613',1,'2009 01 10','guojing','19690319','330682196903190613',13338924567);

INSERT INTO ACCOUNT(ID,RECOMMENDER_ID,LOGIN_NAME,LOGIN_PASSWD,STATUS,CREATE_DATE,
REAL_NAME,BIRTHDATE,IDCARD_NO,TELEPHONE)
VALUES(1011,1010,'dgbf70','270429',1,'2009 03 01','huangrong','19710827','330902197108270429',13637811357);

INSERT INTO ACCOUNT(ID,RECOMMENDER_ID,LOGIN_NAME,LOGIN_PASSWD,STATUS,CREATE_DATE,
REAL_NAME,BIRTHDATE,IDCARD_NO,TELEPHONE)
VALUES(1015,1005,'mjjzh64','041115',1,'2010 03 12','zhangwuji','19890604','610121198906041115',13572952468);

INSERT INTO ACCOUNT(ID,RECOMMENDER_ID,LOGIN_NAME,LOGIN_PASSWD,STATUS,CREATE_DATE,
REAL_NAME,BIRTHDATE,IDCARD_NO,TELEPHONE)
VALUES(1018,1011,'jmdxj00','010322',1,'2011 01 01','guofurong','199601010322','350581200201010322',18617832562);

INSERT INTO ACCOUNT(ID,RECOMMENDER_ID,LOGIN_NAME,LOGIN_PASSWD,STATUS,CREATE_DATE,
REAL_NAME,BIRTHDATE,IDCARD_NO,TELEPHONE)
VALUES(1019,1011,'ljxj90','310346',1,'2012 02 01','luwushuang','19930731','320211199307310346',13186454984);

INSERT INTO ACCOUNT(ID,RECOMMENDER_ID,LOGIN_NAME,LOGIN_PASSWD,STATUS,CREATE_DATE,
REAL_NAME,BIRTHDATE,IDCARD_NO,TELEPHONE)
VALUES(1020,NULL,'kxhxd20','012115',1,'2012 02 20','weixiaobao','20001001','321022200010012115',13953410078);
COMMIT;

select id,recommender_id,login_name,login_passwd,status,create_date,real_name,idcard_no,telephone
from account;
column id format 9999
column recommender_id format 9999
column login_name format a10
column login_passwd format a10
column real_name format a10

--UNIX服务器信息表
DROP TABLE HOST CASCADE CONSTRAINT PURGE;
CREATE TABLE HOST
(ID 		VARCHAR2(15) CONSTRAINT HOST_ID_PK PRIMARY KEY,
NAME 		VARCHAR2(20), 
LOCATION	VARCHAR2(30)
);

INSERT INTO HOST VALUES ('192.168.0.26','sunv210','beijing');
INSERT INTO HOST VALUES('192.168.0.20','sun-server','beijing');
INSERT INTO HOST VALUES ('192.168.0.23','sun280','beijing');
INSERT INTO HOST VALUES ('192.168.0.200','ultra10','beijing');
COMMIT;

--业务信息表
DROP TABLE SERVICE CASCADE CONSTRAINTS PURGE;
CREATE TABLE SERVICE(
 ID		NUMBER(10) CONSTRAINT SERVICE_ID_PK PRIMARY KEY,
 ACCOUNT_ID	NUMBER(9) CONSTRAINT SERVICE_ACCOUNT_ID_FK
		REFERENCES ACCOUNT(ID) NOT NULL,
 UNIX_HOST	VARCHAR2(15) CONSTRAINT SERVICE_UNIX_HOST_FK
		REFERENCES HOST(ID) NOT NULL ,
 OS_USERNAME	VARCHAR2(8)	NOT NULL,
 CONSTRAINT SERVICE_UNIXHOST_OSUSERNAME_UK 
 	UNIQUE(UNIX_HOST,OS_USERNAME),
 LOGIN_PASSWD	VARCHAR2(8) NOT NULL,
 STATUS 		CHAR(1) 	CONSTRAINT SERVICE_STATUS_CK
			CHECK ( STATUS IN (0,1,2) ),	
 CREATE_DATE	DATE	DEFAULT SYSDATE,
 PAUSE_DATE	DATE,
 CLOSE_DATE	DATE,
 COST_ID		NUMBER(4) CONSTRAINT SERVICE_COST_ID_FK
			REFERENCES COST(ID) NOT NULL
);

INSERT INTO SERVICE VALUES (2001,1010,'192.168.0.26','guojing','guo1234',0,'2009 03 10 10:00:00',null,null,1);

INSERT INTO SERVICE VALUES (2002,1011,'192.168.0.26','huangr','huang234',0,'2009 03 01 15:30:05',null,null,1);

INSERT INTO SERVICE VALUES (2003,1011,'192.168.0.20','huangr','huang234',0,'2009 03 01 15:30:10',null,null,3);

INSERT INTO SERVICE VALUES (2004,1011,'192.168.0.23','huangr','huang234',0,'2009 03 01 15:30:15',null,null,6);

INSERT INTO SERVICE VALUES (2005,1019,'192.168.0.26','luwsh','luwu2345',0,'2012 02 10 23 :50:55',null,null,4);

INSERT INTO SERVICE VALUES (2006,1019,'192.168.0.20','luwsh','luwu2345',0,'2012 02 10 00 :00:00',null,null,5);

INSERT INTO SERVICE VALUES (2007,1020,'192.168.0.20','weixb','wei12345',0,'2012 02 10 11:05:20',null,null,6);

INSERT INTO SERVICE VALUES (2008,1010,'192.168.0.20','guojing','guo09876',0,'2012 02 11 12:05:21',null,null,6);


COMMIT;
SELECT ID,ACCOUNT_ID,UNIX_HOST,OS_USERNAME,CREATE_DATE,COST_ID FROM SERVICE;

SELECT A.REAL_NAME,A.CREATE_DATE,A.LAST_LOGIN_TIME,S.UNIX_HOST,S.CREATE_DATE
FROM ACCOUNT  A LEFT JOIN SERVICE S
ON A.ID = S.ACCOUNT_ID;

ALTER SESSION SET NLS_DATE_FORMAT = 'DD-MON-RR';
--业务详单表
DROP TABLE SERVICE_DETAIL CASCADE CONSTRAINT PURGE;
CREATE TABLE SERVICE_DETAIL
(ID 		NUMBER(11) CONSTRAINT SERVICE_DTAIL_ID_PK PRIMARY KEY,
 SERVICE_ID 	NUMBER(10) CONSTRAINT SERVICE_DETAIL_SERVICE_ID
                                        		REFERENCES SERVICE(ID) NOT NULL,
 CLIENT_HOST 	VARCHAR2(15),
 OS_USERNAME 	VARCHAR2(8),
 PID 		NUMBER(11),
 LOGIN_TIME 	DATE,
 LOGOUT_TIME 	DATE,
 DURATION 	NUMBER(20,9),
 COST		NUMBER(20,6));

INSERT INTO SERVICE_DETAIL(ID,SERVICE_ID,CLIENT_HOST,OS_USERNAME,LOGOUT_TIME,DURATION) VALUES
(1,2001,'192.168.172.4','guojing','2013 06 11 08:30:00',3610);
INSERT INTO SERVICE_DETAIL(ID,SERVICE_ID,CLIENT_HOST,OS_USERNAME,LOGOUT_TIME,DURATION) VALUES
(2,2001,'192.168.172.4','guojing','2013 06 13 20:30:00',10800);
INSERT INTO SERVICE_DETAIL(ID,SERVICE_ID,CLIENT_HOST,OS_USERNAME,LOGOUT_TIME,DURATION) VALUES
(3,2001,'192.168.172.4','guojing','2013 06 14 20:30:00',10800);
INSERT INTO SERVICE_DETAIL(ID,SERVICE_ID,CLIENT_HOST,OS_USERNAME,LOGOUT_TIME,DURATION) VALUES
(4,2001,'192.168.172.4','guojing','2013 06 15 19:30:00',32400);
INSERT INTO SERVICE_DETAIL(ID,SERVICE_ID,CLIENT_HOST,OS_USERNAME,LOGOUT_TIME,DURATION) VALUES
(5,2001,'192.168.172.4','guojing','2013 06 18 19:30:00',36000);
INSERT INTO SERVICE_DETAIL(ID,SERVICE_ID,CLIENT_HOST,OS_USERNAME,LOGOUT_TIME,DURATION) VALUES
(6,2001,'192.168.172.4','guojing','2013 06 20 21:30:00',36000);
COMMIT;

--业务资费更新备份表
CREATE TABLE SERVICE_UPDATE_BAK(
 ID		NUMBER(10) PRIMARY KEY,
 SERVICE_ID	NUMBER(9) NOT NULL,
 COST_ID		NUMBER(4)  NOT NULL
);

--时长信息表
CREATE TABLE MONTH_DURATION
(SERVICE_ID 		NUMBER(10),
 MONTH_ID 		CHAR(6),
 CONSTRAINT MONTH_DURATION_PK PRIMARY KEY(SERVICE_ID,MONTH_ID),
 SERVICE_DETAIL_ID            NUMBER(11),
 SOFAR_DURATION	NUMBER(11)
);

--用临时表技术生成账单编号表，用于保存BILL_ID(账单ID)，ACCOUNT_ID（帐务ID），BILL_MONTH（账单月）
CREATE GLOBAL TEMPORARY TABLE BILL_CODE
(BILL_ID  		NUMBER(11),
 ACCOUNT_ID 	NUMBER(9),
 BILL_MONTH 	CHAR(6)
) On COMMIT PRESERVE ROWS;
 
--账单信息表
DROP TABLE BILL CASCADE CONSTRAINTS PURGE;
CREATE TABLE BILL
(ID 		NUMBER(11) CONSTRAINT BILL_ID_PK PRIMARY KEY,
 ACCOUNT_ID 	NUMBER(9) CONSTRAINT BILL_ACCOUNT_ID
                                           REFERENCES ACCOUNT(ID) NOT NULL,
 BILL_MONTH 	CHAR(6),
 COST 		NUMBER(13,2),
 PAYMENT_MODE 	CHAR(1) CONSTRAINT BILL_PAYMENT_CODE_CK
			CHECK (PAYMENT_MODE IN (0,1,2,3)),
 PAY_STATE	CHAR(10) DEFAULT 0 CONSTRAINT BILL_PAY_STATE_CK
		CHECK (PAY_STATE IN (0,1)) 
);

--账单条目表
DROP TABLE BILL_ITEM CASCADE CONSTRAINTS PURGE;
CREATE TABLE BILL_ITEM
(ITEM_ID		NUMBER(11) CONSTRAINT BILL_ITEM_ID_PK  PRIMARY KEY,
 BILL_ID 		NUMBER(11) CONSTRAINT BILL_ITME_BILL_ID
			REFERENCES BILL(ID) NOT NULL,
 SERVICE_ID 	NUMBER(10) NOT NULL,
 COST 		NUMBER(13,2));

